# GLoss,DLoss,RevKLDivergence,ModesCovered
1.4392e+00,1.8815e+00,8.0103e+00,1.0000e+01
7.3726e-03,8.2819e+00,4.2974e+00,1.0000e+01
2.0507e-01,5.3124e+00,2.8159e+00,1.0000e+01
2.0098e-01,6.4442e+00,3.3283e+00,1.0000e+01
1.0738e-01,6.3042e+00,3.2781e+00,1.0000e+01
5.6767e-01,3.3289e+00,2.8491e+00,1.0000e+01
3.0851e-01,4.5849e+00,3.2195e+00,1.0000e+01
7.7829e-01,4.3853e+00,2.5276e+00,1.0000e+01
2.6922e-01,3.3996e+00,2.4860e+00,1.0000e+01
4.4454e-01,5.7044e+00,3.7133e+00,1.0000e+01
4.1836e-01,4.0179e+00,2.5784e+00,1.0000e+01
4.3830e-01,4.1013e+00,2.4060e+00,1.0000e+01
5.3593e-01,6.7380e+00,2.0673e+00,1.0000e+01
4.6324e-01,5.0455e+00,2.6130e+00,1.0000e+01
1.0033e+00,4.6696e+00,2.8260e+00,1.0000e+01
6.0105e-01,5.4152e+00,2.5589e+00,1.0000e+01
6.9676e-01,4.6138e+00,2.2491e+00,1.0000e+01
7.5329e-01,5.5731e+00,2.1150e+00,1.0000e+01
8.5919e-01,6.3778e+00,2.2046e+00,1.0000e+01
5.7407e-01,6.1681e+00,2.6281e+00,1.0000e+01
7.5290e-01,4.5598e+00,2.1384e+00,1.0000e+01
2.2737e+00,3.0207e+00,2.0979e+00,1.0000e+01
4.7804e-01,4.5577e+00,2.2214e+00,1.0000e+01
1.2523e+00,3.4528e+00,2.3363e+00,1.0000e+01
2.0912e+00,3.3056e+00,2.3747e+00,1.0000e+01
9.0846e-01,6.2022e+00,2.7211e+00,1.0000e+01
9.5563e-01,7.1700e+00,2.1138e+00,1.0000e+01
5.5918e-01,6.9670e+00,2.2942e+00,1.0000e+01
1.6239e+00,6.2075e+00,2.6662e+00,1.0000e+01
2.1884e+00,7.8708e+00,2.0296e+00,1.0000e+01
8.5786e-01,7.7536e+00,2.6161e+00,1.0000e+01
1.2930e+00,6.2510e+00,2.4559e+00,1.0000e+01
1.0103e+00,6.4604e+00,1.9649e+00,1.0000e+01
1.6749e+00,6.9082e+00,2.1285e+00,1.0000e+01
1.1511e+00,4.7659e+00,2.1023e+00,1.0000e+01
7.5759e-01,4.9590e+00,1.9994e+00,1.0000e+01
2.3308e+00,4.4750e+00,1.9588e+00,1.0000e+01
1.2456e+00,4.0965e+00,1.9888e+00,1.0000e+01
1.7759e+00,5.1364e+00,1.5120e+00,1.0000e+01
7.2485e-01,6.1077e+00,2.3609e+00,1.0000e+01
1.4226e+00,9.2311e+00,1.7040e+00,1.0000e+01
1.0991e+00,4.1053e+00,1.8587e+00,1.0000e+01
1.6835e+00,5.0585e+00,1.9026e+00,1.0000e+01
1.2654e+00,6.0247e+00,2.0195e+00,1.0000e+01
9.6390e-01,5.2228e+00,1.4262e+00,1.0000e+01
9.7857e-01,3.9977e+00,1.6935e+00,1.0000e+01
1.2655e+00,4.9904e+00,1.4321e+00,1.0000e+01
2.3256e+00,3.7326e+00,1.5738e+00,1.0000e+01
1.8158e+00,3.5504e+00,1.3449e+00,1.0000e+01
1.5935e+00,4.4132e+00,1.9282e+00,1.0000e+01
1.7619e+00,5.0559e+00,1.7478e+00,1.0000e+01
1.3439e+00,6.5433e+00,2.0937e+00,1.0000e+01
1.5350e+00,6.4192e+00,2.2243e+00,1.0000e+01
1.2190e+00,3.3985e+00,1.3036e+00,1.0000e+01
1.7064e+00,2.9243e+00,1.4978e+00,1.0000e+01
1.4140e+00,3.2090e+00,1.4042e+00,1.0000e+01
1.0577e+00,3.2024e+00,1.4204e+00,1.0000e+01
1.2443e+00,4.4966e+00,1.7664e+00,1.0000e+01
1.4771e+00,2.7033e+00,1.1873e+00,1.0000e+01
1.5580e+00,2.2915e+00,1.5017e+00,1.0000e+01
1.2772e+00,3.0291e+00,1.9227e+00,1.0000e+01
1.2837e+00,2.9455e+00,2.1852e+00,1.0000e+01
1.4331e+00,2.2540e+00,9.5031e-01,1.0000e+01
1.5875e+00,3.0671e+00,1.2510e+00,1.0000e+01
1.1404e+00,3.2438e+00,1.0246e+00,1.0000e+01
1.1657e+00,3.2263e+00,7.4846e-01,1.0000e+01
8.4359e-01,4.9395e+00,1.7255e+00,1.0000e+01
9.5322e-01,4.3724e+00,1.3779e+00,1.0000e+01
1.2448e+00,6.1359e+00,1.2742e+00,1.0000e+01
1.0999e+00,3.2581e+00,9.1034e-01,1.0000e+01
1.4307e+00,3.4892e+00,9.3978e-01,1.0000e+01
1.4472e+00,5.1968e+00,1.0951e+00,1.0000e+01
2.0816e+00,3.1769e+00,1.8097e+00,1.0000e+01
1.0060e+00,3.1218e+00,1.1903e+00,1.0000e+01
1.0859e+00,2.5438e+00,1.0880e+00,1.0000e+01
1.2079e+00,3.2288e+00,8.0438e-01,1.0000e+01
9.1271e-01,2.7114e+00,7.7334e-01,1.0000e+01
1.1374e+00,3.6904e+00,1.4828e+00,1.0000e+01
1.6636e+00,2.8636e+00,1.0776e+00,1.0000e+01
1.1098e+00,4.0127e+00,1.1160e+00,1.0000e+01
1.2480e+00,3.0971e+00,9.1816e-01,1.0000e+01
8.7265e-01,1.9038e+00,1.1506e+00,1.0000e+01
1.3998e+00,1.8294e+00,1.0264e+00,1.0000e+01
8.8319e-01,2.2940e+00,9.8922e-01,1.0000e+01
1.0095e+00,2.2456e+00,1.9550e+00,1.0000e+01
8.6204e-01,1.9879e+00,1.2190e+00,1.0000e+01
8.6715e-01,2.5292e+00,8.2716e-01,1.0000e+01
1.1459e+00,2.1051e+00,5.5483e-01,1.0000e+01
8.5969e-01,1.9876e+00,1.0225e+00,1.0000e+01
7.5756e-01,2.3388e+00,7.1291e-01,1.0000e+01
8.4820e-01,1.6632e+00,4.8571e-01,1.0000e+01
8.0801e-01,2.1771e+00,5.9708e-01,1.0000e+01
8.1004e-01,1.8774e+00,7.2449e-01,1.0000e+01
7.9299e-01,2.0187e+00,6.7256e-01,1.0000e+01
7.3988e-01,2.7470e+00,8.6843e-01,1.0000e+01
9.8043e-01,1.8049e+00,9.1256e-01,1.0000e+01
9.9762e-01,2.1326e+00,6.1822e-01,1.0000e+01
9.1514e-01,1.7877e+00,1.0993e+00,1.0000e+01
7.9411e-01,1.7711e+00,1.3765e+00,1.0000e+01
1.2435e+00,1.7396e+00,1.0585e+00,1.0000e+01
7.1989e-01,1.8357e+00,1.5472e+00,1.0000e+01
8.3713e-01,2.2232e+00,1.5001e+00,1.0000e+01
6.8162e-01,2.0158e+00,1.3042e+00,1.0000e+01
9.7779e-01,2.1169e+00,1.4581e+00,1.0000e+01
1.0654e+00,1.6881e+00,1.3157e+00,1.0000e+01
8.9776e-01,2.0760e+00,1.3107e+00,1.0000e+01
8.3189e-01,2.1315e+00,8.8322e-01,1.0000e+01
9.6619e-01,2.0849e+00,1.4415e+00,1.0000e+01
6.6782e-01,2.0827e+00,1.2935e+00,1.0000e+01
8.6599e-01,2.0747e+00,1.5796e+00,1.0000e+01
6.7837e-01,1.9416e+00,1.2574e+00,1.0000e+01
8.1633e-01,2.1841e+00,1.2320e+00,1.0000e+01
9.4275e-01,1.6503e+00,1.0938e+00,1.0000e+01
9.7287e-01,1.8014e+00,1.2979e+00,1.0000e+01
8.1068e-01,2.0963e+00,8.5689e-01,1.0000e+01
9.0125e-01,1.4021e+00,1.5462e+00,1.0000e+01
1.1325e+00,1.2361e+00,1.2461e+00,1.0000e+01
7.2983e-01,2.1884e+00,1.6305e+00,1.0000e+01
8.9821e-01,1.7277e+00,1.5431e+00,1.0000e+01
1.0774e+00,2.0053e+00,1.4901e+00,1.0000e+01
9.5991e-01,1.5646e+00,1.3225e+00,1.0000e+01
1.1114e+00,1.8731e+00,1.6413e+00,1.0000e+01
1.0976e+00,1.8202e+00,1.1512e+00,1.0000e+01
7.5090e-01,1.8439e+00,1.4921e+00,1.0000e+01
8.0149e-01,2.4816e+00,1.3546e+00,1.0000e+01
8.9015e-01,2.0552e+00,1.6415e+00,1.0000e+01
7.9437e-01,1.5116e+00,1.6532e+00,1.0000e+01
7.1881e-01,1.6809e+00,1.1704e+00,1.0000e+01
1.0214e+00,1.7982e+00,1.3843e+00,1.0000e+01
8.7825e-01,1.6172e+00,1.0370e+00,1.0000e+01
7.5715e-01,1.9562e+00,1.0892e+00,1.0000e+01
7.1018e-01,2.0940e+00,1.5284e+00,1.0000e+01
1.1231e+00,1.9351e+00,1.4422e+00,1.0000e+01
9.5673e-01,1.9864e+00,1.2956e+00,1.0000e+01
7.1883e-01,2.1272e+00,1.5730e+00,1.0000e+01
9.7132e-01,1.8536e+00,1.3917e+00,1.0000e+01
7.0312e-01,2.2180e+00,1.1420e+00,1.0000e+01
1.1563e+00,1.6244e+00,1.4019e+00,1.0000e+01
9.1940e-01,1.7039e+00,1.4590e+00,1.0000e+01
9.7784e-01,2.1680e+00,1.3820e+00,1.0000e+01
8.9753e-01,1.5314e+00,1.4994e+00,1.0000e+01
8.9272e-01,1.3456e+00,1.3345e+00,1.0000e+01
1.0414e+00,1.7402e+00,1.0234e+00,1.0000e+01
1.0938e+00,1.6510e+00,1.2971e+00,1.0000e+01
9.8027e-01,2.0293e+00,1.6399e+00,1.0000e+01
9.4783e-01,1.9150e+00,1.7376e+00,1.0000e+01
9.9394e-01,1.7729e+00,1.1206e+00,1.0000e+01
9.9926e-01,1.6540e+00,1.3644e+00,1.0000e+01
1.1023e+00,1.4946e+00,1.5324e+00,1.0000e+01
1.0666e+00,1.5161e+00,1.4138e+00,1.0000e+01
1.0115e+00,1.5358e+00,1.3036e+00,1.0000e+01
9.4548e-01,2.0343e+00,1.5622e+00,1.0000e+01
1.0220e+00,1.8000e+00,1.2311e+00,1.0000e+01
9.6396e-01,1.4818e+00,1.2280e+00,1.0000e+01
9.7732e-01,1.7155e+00,1.7814e+00,1.0000e+01
1.0661e+00,1.2276e+00,1.8832e+00,1.0000e+01
1.0878e+00,1.6775e+00,1.3389e+00,1.0000e+01
7.6527e-01,1.9502e+00,1.6735e+00,1.0000e+01
1.1121e+00,1.8346e+00,1.5530e+00,1.0000e+01
1.0269e+00,1.0187e+00,1.5525e+00,1.0000e+01
1.0565e+00,1.1687e+00,1.4512e+00,1.0000e+01
9.6384e-01,2.0083e+00,1.5617e+00,1.0000e+01
9.9375e-01,1.3513e+00,1.0308e+00,1.0000e+01
1.1143e+00,1.4264e+00,1.1185e+00,1.0000e+01
1.1649e+00,1.5998e+00,1.8131e+00,1.0000e+01
9.5156e-01,1.8375e+00,2.1190e+00,1.0000e+01
1.0436e+00,1.4253e+00,1.9579e+00,1.0000e+01
8.7860e-01,1.4455e+00,1.6446e+00,1.0000e+01
8.9881e-01,1.5324e+00,1.8536e+00,1.0000e+01
9.5755e-01,1.4430e+00,1.1923e+00,1.0000e+01
8.9099e-01,1.4117e+00,1.9851e+00,1.0000e+01
1.0698e+00,1.5552e+00,1.8381e+00,1.0000e+01
9.9098e-01,1.4695e+00,1.6955e+00,1.0000e+01
1.0153e+00,1.7056e+00,1.2932e+00,1.0000e+01
1.1054e+00,1.4897e+00,2.0820e+00,1.0000e+01
1.0075e+00,1.1038e+00,1.5463e+00,1.0000e+01
1.0760e+00,1.3323e+00,1.9847e+00,1.0000e+01
1.0082e+00,1.6498e+00,1.7166e+00,1.0000e+01
8.1708e-01,1.4346e+00,1.9291e+00,1.0000e+01
1.2129e+00,1.3525e+00,1.9789e+00,1.0000e+01
9.1950e-01,1.3450e+00,1.4301e+00,1.0000e+01
8.3173e-01,1.9567e+00,1.5590e+00,1.0000e+01
8.0394e-01,1.7840e+00,2.2151e+00,1.0000e+01
1.0830e+00,1.4874e+00,2.0221e+00,1.0000e+01
9.4729e-01,1.7169e+00,1.0879e+00,1.0000e+01
9.8103e-01,1.5900e+00,1.5948e+00,1.0000e+01
1.1117e+00,1.6828e+00,2.0171e+00,1.0000e+01
7.8859e-01,1.4050e+00,1.6381e+00,1.0000e+01
8.8552e-01,1.5088e+00,1.5162e+00,1.0000e+01
1.0310e+00,1.4164e+00,1.7863e+00,1.0000e+01
8.9510e-01,1.2554e+00,1.9018e+00,1.0000e+01
9.5618e-01,1.6695e+00,1.9876e+00,1.0000e+01
1.0314e+00,1.6075e+00,1.5507e+00,1.0000e+01
1.1216e+00,1.1470e+00,1.9739e+00,1.0000e+01
1.1540e+00,1.4047e+00,1.0757e+00,1.0000e+01
1.1231e+00,1.4506e+00,9.2867e-01,1.0000e+01
9.4072e-01,1.1107e+00,1.3699e+00,1.0000e+01
1.0010e+00,1.4494e+00,1.5125e+00,1.0000e+01
1.0649e+00,1.7656e+00,1.8055e+00,1.0000e+01
9.4214e-01,1.5241e+00,1.6384e+00,1.0000e+01
1.1149e+00,1.5208e+00,1.8339e+00,1.0000e+01
1.2587e+00,1.2378e+00,1.8064e+00,1.0000e+01
8.6978e-01,1.5067e+00,1.9049e+00,1.0000e+01
1.0544e+00,1.2371e+00,1.1697e+00,1.0000e+01
1.0348e+00,1.4148e+00,1.1629e+00,1.0000e+01
1.1136e+00,1.3045e+00,1.6776e+00,1.0000e+01
9.7868e-01,1.4426e+00,1.3140e+00,1.0000e+01
7.6406e-01,1.4154e+00,1.3101e+00,1.0000e+01
1.0974e+00,1.2682e+00,1.6905e+00,1.0000e+01
8.9371e-01,1.6216e+00,1.6286e+00,1.0000e+01
1.0135e+00,1.4960e+00,1.7842e+00,1.0000e+01
1.1655e+00,1.3529e+00,1.5090e+00,1.0000e+01
9.8534e-01,1.5950e+00,1.5510e+00,1.0000e+01
9.4598e-01,1.5263e+00,1.8503e+00,1.0000e+01
9.4793e-01,1.6463e+00,1.6807e+00,1.0000e+01
1.1527e+00,1.3089e+00,1.6178e+00,1.0000e+01
1.0610e+00,1.2213e+00,1.7862e+00,1.0000e+01
1.0807e+00,1.4071e+00,1.4497e+00,1.0000e+01
1.1414e+00,1.2994e+00,1.3842e+00,1.0000e+01
1.1599e+00,1.2624e+00,1.7467e+00,1.0000e+01
8.2470e-01,1.6437e+00,1.7249e+00,1.0000e+01
8.9260e-01,1.3949e+00,1.3824e+00,1.0000e+01
1.1353e+00,1.2962e+00,1.3239e+00,1.0000e+01
8.4177e-01,1.5182e+00,1.1652e+00,1.0000e+01
1.0254e+00,1.3844e+00,1.5117e+00,1.0000e+01
1.0410e+00,1.1477e+00,1.3613e+00,1.0000e+01
9.6508e-01,1.3806e+00,1.5151e+00,1.0000e+01
8.9919e-01,1.5235e+00,1.7989e+00,1.0000e+01
9.6774e-01,1.3155e+00,1.2543e+00,1.0000e+01
1.1404e+00,1.5080e+00,1.8894e+00,1.0000e+01
8.6224e-01,1.4596e+00,1.7293e+00,1.0000e+01
8.7129e-01,1.4665e+00,1.4909e+00,1.0000e+01
1.1588e+00,1.1427e+00,1.9795e+00,1.0000e+01
9.3095e-01,1.6819e+00,1.4932e+00,1.0000e+01
1.1280e+00,1.4603e+00,1.6707e+00,1.0000e+01
9.9138e-01,1.3338e+00,1.3862e+00,1.0000e+01
9.0116e-01,1.5178e+00,2.3408e+00,1.0000e+01
9.7499e-01,1.7697e+00,2.0693e+00,1.0000e+01
1.1674e+00,1.3506e+00,2.0311e+00,1.0000e+01
1.1031e+00,1.0796e+00,1.4578e+00,1.0000e+01
8.2574e-01,1.6628e+00,1.4275e+00,1.0000e+01
1.0306e+00,1.0778e+00,1.5563e+00,1.0000e+01
9.9861e-01,1.5066e+00,1.2469e+00,1.0000e+01
9.9558e-01,1.3756e+00,1.0992e+00,1.0000e+01
1.1703e+00,1.6248e+00,1.8081e+00,1.0000e+01
8.0106e-01,1.6636e+00,1.6439e+00,1.0000e+01
1.0097e+00,1.4824e+00,1.9797e+00,1.0000e+01
8.5533e-01,1.5404e+00,2.0237e+00,1.0000e+01
1.2016e+00,1.2466e+00,1.2503e+00,1.0000e+01
9.0223e-01,1.4549e+00,1.3510e+00,1.0000e+01
9.1012e-01,1.4453e+00,1.8056e+00,1.0000e+01
8.5764e-01,1.2848e+00,1.7543e+00,1.0000e+01
9.8390e-01,1.5769e+00,1.9840e+00,1.0000e+01
1.1382e+00,1.3239e+00,2.1208e+00,1.0000e+01
8.6714e-01,1.7740e+00,1.9048e+00,1.0000e+01
1.0466e+00,1.3254e+00,1.7315e+00,1.0000e+01
9.7522e-01,1.4031e+00,1.5298e+00,1.0000e+01
8.3057e-01,1.7059e+00,1.6445e+00,1.0000e+01
1.0339e+00,1.4838e+00,1.9378e+00,1.0000e+01
1.1679e+00,1.4578e+00,2.0006e+00,1.0000e+01
1.0046e+00,1.4047e+00,1.6270e+00,1.0000e+01
9.1948e-01,1.4151e+00,1.6918e+00,1.0000e+01
1.0816e+00,1.3509e+00,1.6692e+00,1.0000e+01
9.7769e-01,1.3655e+00,1.8174e+00,1.0000e+01
9.7662e-01,1.1624e+00,1.6900e+00,1.0000e+01
1.0906e+00,1.2857e+00,1.7398e+00,1.0000e+01
8.9546e-01,1.6785e+00,1.6953e+00,1.0000e+01
9.6779e-01,1.4188e+00,2.0701e+00,1.0000e+01
1.0856e+00,1.5796e+00,1.4046e+00,1.0000e+01
1.1583e+00,1.4296e+00,1.9150e+00,1.0000e+01
9.2215e-01,1.6931e+00,1.7620e+00,1.0000e+01
1.0285e+00,1.4327e+00,1.7092e+00,1.0000e+01
7.7232e-01,1.4857e+00,1.9789e+00,1.0000e+01
9.4104e-01,1.6788e+00,1.4302e+00,1.0000e+01
9.3746e-01,1.5315e+00,2.1986e+00,1.0000e+01
9.9148e-01,1.6651e+00,1.7551e+00,1.0000e+01
9.6833e-01,1.4498e+00,1.7082e+00,1.0000e+01
9.4147e-01,1.6084e+00,1.5826e+00,1.0000e+01
1.1157e+00,1.4243e+00,1.7966e+00,1.0000e+01
1.1242e+00,1.3660e+00,1.7706e+00,1.0000e+01
1.1039e+00,1.5160e+00,1.8572e+00,1.0000e+01
1.0120e+00,1.3312e+00,1.6900e+00,1.0000e+01
1.2001e+00,1.2222e+00,1.3752e+00,1.0000e+01
1.0167e+00,1.3925e+00,2.1257e+00,1.0000e+01
1.0754e+00,1.2387e+00,1.8803e+00,1.0000e+01
1.1599e+00,1.2809e+00,1.4569e+00,1.0000e+01
9.5306e-01,1.2901e+00,1.5494e+00,1.0000e+01
9.6729e-01,1.3441e+00,1.2112e+00,1.0000e+01
1.0325e+00,1.3095e+00,8.8679e-01,1.0000e+01
9.8553e-01,1.3283e+00,1.5065e+00,1.0000e+01
1.0055e+00,1.2562e+00,1.3785e+00,1.0000e+01
1.0092e+00,1.3625e+00,2.0760e+00,1.0000e+01
1.3387e+00,1.3416e+00,1.6148e+00,1.0000e+01
8.8228e-01,1.3774e+00,1.6735e+00,1.0000e+01
1.1340e+00,1.3309e+00,1.6587e+00,1.0000e+01
1.0730e+00,1.1895e+00,1.7471e+00,1.0000e+01
8.9569e-01,1.1691e+00,1.9291e+00,1.0000e+01
1.0891e+00,1.2994e+00,2.0882e+00,1.0000e+01
8.4928e-01,1.7770e+00,1.7872e+00,1.0000e+01
9.7435e-01,1.7085e+00,1.6829e+00,1.0000e+01
8.7540e-01,1.4661e+00,1.4699e+00,1.0000e+01
1.0426e+00,1.6194e+00,1.6454e+00,1.0000e+01
8.9966e-01,1.5390e+00,1.5507e+00,1.0000e+01
8.1224e-01,1.2927e+00,1.8906e+00,1.0000e+01
9.8793e-01,1.2826e+00,1.4215e+00,1.0000e+01
9.8783e-01,1.3434e+00,1.7161e+00,1.0000e+01
1.1706e+00,1.5932e+00,1.5747e+00,1.0000e+01
8.8316e-01,1.3105e+00,1.6513e+00,1.0000e+01
8.0658e-01,1.6802e+00,1.9331e+00,1.0000e+01
8.4521e-01,1.4074e+00,1.2414e+00,1.0000e+01
9.8611e-01,1.6075e+00,2.0711e+00,1.0000e+01
9.9387e-01,1.2982e+00,1.9054e+00,1.0000e+01
8.9059e-01,1.5847e+00,1.3633e+00,1.0000e+01
9.6767e-01,1.3977e+00,1.7189e+00,1.0000e+01
9.5152e-01,1.2936e+00,1.9187e+00,1.0000e+01
8.9347e-01,1.2830e+00,1.4935e+00,1.0000e+01
1.0030e+00,1.4502e+00,1.9304e+00,1.0000e+01
9.6175e-01,1.4964e+00,1.6555e+00,1.0000e+01
8.9680e-01,1.4121e+00,1.3829e+00,1.0000e+01
9.1105e-01,1.3570e+00,1.7478e+00,1.0000e+01
1.0904e+00,1.2828e+00,1.6014e+00,1.0000e+01
8.5268e-01,1.3826e+00,1.5799e+00,1.0000e+01
9.5719e-01,1.4885e+00,1.7865e+00,1.0000e+01
9.4380e-01,1.4378e+00,1.4738e+00,1.0000e+01
1.2019e+00,1.3071e+00,1.4527e+00,1.0000e+01
1.1001e+00,1.3067e+00,1.6754e+00,1.0000e+01
1.0434e+00,1.4038e+00,2.0007e+00,1.0000e+01
1.0586e+00,1.4714e+00,1.6347e+00,1.0000e+01
9.1517e-01,1.4462e+00,2.2167e+00,1.0000e+01
1.0496e+00,1.4059e+00,2.0153e+00,1.0000e+01
1.0359e+00,1.6342e+00,2.0691e+00,1.0000e+01
9.0101e-01,1.4339e+00,2.0915e+00,1.0000e+01
1.0112e+00,1.5147e+00,1.9948e+00,1.0000e+01
7.9055e-01,1.7640e+00,1.8208e+00,1.0000e+01
8.5638e-01,1.5961e+00,1.5901e+00,1.0000e+01
1.0391e+00,1.3092e+00,1.7697e+00,1.0000e+01
8.7429e-01,1.5410e+00,1.6548e+00,1.0000e+01
8.5261e-01,1.5028e+00,1.5995e+00,1.0000e+01
8.7533e-01,1.4629e+00,1.9736e+00,1.0000e+01
9.3314e-01,1.4201e+00,1.4465e+00,1.0000e+01
8.4905e-01,1.6012e+00,2.1353e+00,1.0000e+01
9.0715e-01,1.4786e+00,1.8344e+00,1.0000e+01
9.6918e-01,1.5266e+00,1.3286e+00,1.0000e+01
9.0503e-01,1.3056e+00,1.7528e+00,1.0000e+01
1.0793e+00,1.1869e+00,1.8947e+00,1.0000e+01
1.1718e+00,1.2610e+00,1.4079e+00,1.0000e+01
8.5465e-01,1.6128e+00,1.3674e+00,1.0000e+01
1.0122e+00,1.3412e+00,1.8904e+00,1.0000e+01
9.6878e-01,1.4517e+00,1.8091e+00,1.0000e+01
1.0692e+00,1.2339e+00,1.5088e+00,1.0000e+01
8.0842e-01,1.4451e+00,1.5937e+00,1.0000e+01
9.1622e-01,1.7627e+00,1.7527e+00,1.0000e+01
9.0752e-01,1.6090e+00,1.4794e+00,1.0000e+01
1.1731e+00,1.2792e+00,1.6712e+00,1.0000e+01
1.1331e+00,1.5185e+00,1.0735e+00,1.0000e+01
1.1726e+00,1.1822e+00,1.6103e+00,1.0000e+01
9.4103e-01,1.3928e+00,2.0283e+00,1.0000e+01
1.0113e+00,1.1488e+00,1.4790e+00,1.0000e+01
9.2227e-01,1.6239e+00,1.4203e+00,1.0000e+01
9.5477e-01,1.4237e+00,1.1700e+00,1.0000e+01
1.0411e+00,1.3544e+00,1.4917e+00,1.0000e+01
1.0400e+00,1.4560e+00,1.4204e+00,1.0000e+01
8.8959e-01,1.6742e+00,1.6936e+00,1.0000e+01
9.7953e-01,1.3428e+00,1.2432e+00,1.0000e+01
9.7420e-01,1.4721e+00,8.2265e-01,1.0000e+01
1.0071e+00,1.6204e+00,1.5562e+00,1.0000e+01
9.6504e-01,1.3365e+00,1.7926e+00,1.0000e+01
1.0277e+00,1.2447e+00,1.5548e+00,1.0000e+01
1.0928e+00,1.2768e+00,1.4955e+00,1.0000e+01
1.0417e+00,1.3132e+00,1.5248e+00,1.0000e+01
8.5123e-01,1.7809e+00,1.9791e+00,1.0000e+01
1.0709e+00,1.4659e+00,1.0212e+00,1.0000e+01
7.1213e-01,1.5626e+00,1.6462e+00,1.0000e+01
8.6649e-01,1.8818e+00,2.0235e+00,1.0000e+01
1.1305e+00,1.2488e+00,2.1300e+00,1.0000e+01
8.6527e-01,1.4824e+00,1.2156e+00,1.0000e+01
1.0982e+00,1.3487e+00,1.2583e+00,1.0000e+01
1.0371e+00,1.3240e+00,2.0339e+00,1.0000e+01
9.7286e-01,1.5349e+00,1.6443e+00,1.0000e+01
9.7980e-01,1.6659e+00,2.1769e+00,1.0000e+01
8.9361e-01,1.5288e+00,1.5025e+00,1.0000e+01
9.3334e-01,1.4519e+00,1.6054e+00,1.0000e+01
1.0222e+00,1.3921e+00,1.7617e+00,1.0000e+01
8.6005e-01,1.9154e+00,2.1473e+00,1.0000e+01
9.8616e-01,1.2403e+00,1.1771e+00,1.0000e+01
8.2369e-01,1.5372e+00,1.2374e+00,1.0000e+01
9.9597e-01,1.5199e+00,1.8617e+00,1.0000e+01
9.0807e-01,1.4058e+00,1.9158e+00,1.0000e+01
9.5029e-01,1.2294e+00,1.0976e+00,1.0000e+01
1.0150e+00,1.2153e+00,1.1607e+00,1.0000e+01
1.0020e+00,1.5180e+00,2.1312e+00,1.0000e+01
1.0264e+00,1.5850e+00,1.8227e+00,1.0000e+01
8.0339e-01,1.4759e+00,1.9436e+00,1.0000e+01
9.7057e-01,1.2570e+00,1.2423e+00,1.0000e+01
9.9829e-01,1.3546e+00,1.2833e+00,1.0000e+01
9.2546e-01,1.3680e+00,1.2288e+00,1.0000e+01
9.2038e-01,1.3917e+00,1.5505e+00,1.0000e+01
1.0466e+00,1.2197e+00,1.5598e+00,1.0000e+01
1.0050e+00,1.2538e+00,1.6939e+00,1.0000e+01
9.3633e-01,1.4613e+00,1.7312e+00,1.0000e+01
9.1122e-01,1.6452e+00,1.3650e+00,1.0000e+01
7.5426e-01,1.4986e+00,1.6403e+00,1.0000e+01
8.2167e-01,1.5116e+00,1.7291e+00,1.0000e+01
1.0180e+00,1.4745e+00,1.7526e+00,1.0000e+01
9.9863e-01,1.2955e+00,1.0279e+00,1.0000e+01
1.0592e+00,1.4551e+00,1.5751e+00,1.0000e+01
9.4188e-01,1.5583e+00,1.3750e+00,1.0000e+01
1.0497e+00,1.3838e+00,1.7837e+00,1.0000e+01
1.0147e+00,1.5419e+00,1.3227e+00,1.0000e+01
1.0503e+00,1.4703e+00,1.4822e+00,1.0000e+01
1.0254e+00,1.0935e+00,1.8187e+00,1.0000e+01
9.1133e-01,1.3546e+00,1.2339e+00,1.0000e+01
9.9131e-01,1.3433e+00,1.7756e+00,1.0000e+01
9.1408e-01,1.2877e+00,1.2599e+00,1.0000e+01
1.0307e+00,1.4457e+00,1.3854e+00,1.0000e+01
8.4159e-01,1.6662e+00,1.0468e+00,1.0000e+01
9.7420e-01,1.7215e+00,1.8153e+00,1.0000e+01
9.0845e-01,1.3033e+00,1.0978e+00,1.0000e+01
9.9002e-01,1.3328e+00,1.2784e+00,1.0000e+01
1.1078e+00,1.5142e+00,8.9334e-01,1.0000e+01
9.7358e-01,1.2407e+00,1.3081e+00,1.0000e+01
1.0116e+00,1.3651e+00,1.3540e+00,1.0000e+01
1.0505e+00,1.3093e+00,1.1911e+00,1.0000e+01
1.0047e+00,1.4363e+00,8.1870e-01,1.0000e+01
1.0933e+00,1.4073e+00,1.4414e+00,1.0000e+01
1.0279e+00,1.0581e+00,1.3828e+00,1.0000e+01
1.0257e+00,1.3836e+00,9.3419e-01,1.0000e+01
1.0126e+00,1.5972e+00,1.1255e+00,1.0000e+01
1.0839e+00,1.1473e+00,1.2151e+00,1.0000e+01
1.0697e+00,1.3712e+00,1.6297e+00,1.0000e+01
1.0671e+00,1.5431e+00,1.5958e+00,1.0000e+01
8.8077e-01,1.4717e+00,1.1348e+00,1.0000e+01
1.0815e+00,1.2953e+00,1.2609e+00,1.0000e+01
9.1887e-01,1.6107e+00,1.3875e+00,1.0000e+01
1.0937e+00,1.2422e+00,1.3719e+00,1.0000e+01
9.4345e-01,1.2816e+00,1.2879e+00,1.0000e+01
9.0785e-01,1.4335e+00,1.0811e+00,1.0000e+01
9.8719e-01,1.3155e+00,1.5254e+00,1.0000e+01
9.7291e-01,1.3961e+00,1.5843e+00,1.0000e+01
9.8116e-01,1.6366e+00,1.0855e+00,1.0000e+01
1.1537e+00,1.2364e+00,9.3743e-01,1.0000e+01
1.0634e+00,1.5526e+00,1.5943e+00,1.0000e+01
9.1605e-01,1.5387e+00,1.0527e+00,1.0000e+01
8.4650e-01,1.2695e+00,1.5702e+00,1.0000e+01
1.0990e+00,1.0846e+00,9.9531e-01,1.0000e+01
8.7898e-01,1.4811e+00,1.3906e+00,1.0000e+01
9.3519e-01,1.4736e+00,1.2109e+00,1.0000e+01
9.2252e-01,1.6015e+00,1.5123e+00,1.0000e+01
1.0451e+00,1.0920e+00,1.4497e+00,1.0000e+01
1.0333e+00,1.5464e+00,9.6104e-01,1.0000e+01
1.1136e+00,1.2236e+00,1.2239e+00,1.0000e+01
1.1380e+00,1.1773e+00,9.6368e-01,1.0000e+01
9.1378e-01,1.3388e+00,1.3753e+00,1.0000e+01
9.5858e-01,1.4700e+00,1.2776e+00,1.0000e+01
8.6491e-01,1.4397e+00,1.3645e+00,1.0000e+01
9.3240e-01,1.5936e+00,7.9603e-01,1.0000e+01
1.0041e+00,1.3367e+00,1.4487e+00,1.0000e+01
1.0179e+00,1.2888e+00,1.8668e+00,1.0000e+01
1.0432e+00,1.6243e+00,1.1007e+00,1.0000e+01
1.1993e+00,1.4606e+00,1.2588e+00,1.0000e+01
9.0311e-01,1.3276e+00,1.8080e+00,1.0000e+01
1.1443e+00,1.1221e+00,7.6959e-01,1.0000e+01
9.7405e-01,1.4654e+00,1.2846e+00,1.0000e+01
8.7317e-01,1.5409e+00,1.8878e+00,1.0000e+01
1.0739e+00,1.2644e+00,1.6020e+00,1.0000e+01
1.1423e+00,1.5183e+00,1.5605e+00,1.0000e+01
9.1145e-01,1.3782e+00,1.1487e+00,1.0000e+01
9.2191e-01,1.1211e+00,1.2716e+00,1.0000e+01
1.0051e+00,1.2261e+00,1.1361e+00,1.0000e+01
1.2378e+00,1.1192e+00,7.1926e-01,1.0000e+01
1.0273e+00,1.5098e+00,1.0804e+00,1.0000e+01
8.8298e-01,1.4073e+00,1.7532e+00,1.0000e+01
1.0862e+00,1.1868e+00,1.1517e+00,1.0000e+01
1.0853e+00,1.5335e+00,1.5795e+00,1.0000e+01
1.0060e+00,1.3133e+00,2.0769e+00,1.0000e+01
9.0017e-01,1.4429e+00,1.0772e+00,1.0000e+01
1.0176e+00,1.5533e+00,1.4962e+00,1.0000e+01
9.5514e-01,1.4341e+00,1.2298e+00,1.0000e+01
9.9710e-01,1.3374e+00,1.1999e+00,1.0000e+01
9.5569e-01,1.2710e+00,1.1295e+00,1.0000e+01
1.0285e+00,1.4086e+00,7.9083e-01,1.0000e+01
1.0655e+00,1.5378e+00,1.6070e+00,1.0000e+01
9.1407e-01,1.1504e+00,1.1389e+00,1.0000e+01
8.9642e-01,1.4816e+00,7.2783e-01,1.0000e+01
1.0204e+00,1.4121e+00,9.5886e-01,1.0000e+01
1.0160e+00,1.1401e+00,1.2212e+00,1.0000e+01
9.5631e-01,1.3676e+00,1.2502e+00,1.0000e+01
9.4816e-01,1.4500e+00,1.5340e+00,1.0000e+01
1.0427e+00,1.4276e+00,1.2672e+00,1.0000e+01
9.4018e-01,1.2615e+00,1.0699e+00,1.0000e+01
1.1953e+00,1.1835e+00,1.6924e+00,1.0000e+01
8.9773e-01,1.3188e+00,1.7343e+00,1.0000e+01
9.5055e-01,1.5276e+00,1.2548e+00,1.0000e+01
1.1218e+00,1.3411e+00,8.1249e-01,1.0000e+01
8.4999e-01,1.6253e+00,7.3651e-01,1.0000e+01
9.8559e-01,1.3557e+00,9.6854e-01,1.0000e+01
8.8749e-01,1.3258e+00,1.6185e+00,1.0000e+01
1.0948e+00,1.4739e+00,1.2513e+00,1.0000e+01
1.0448e+00,1.3249e+00,1.1439e+00,1.0000e+01
1.0185e+00,1.2706e+00,1.0197e+00,1.0000e+01
